-- phpMyAdmin SQL Dump
-- version 4.9.0.1
-- https://www.phpmyadmin.net/
--
-- Host: 127.0.0.1
-- Generation Time: Jun 06, 2021 at 12:41 PM
-- Server version: 10.3.15-MariaDB
-- PHP Version: 7.2.19

SET SQL_MODE = "NO_AUTO_VALUE_ON_ZERO";
SET AUTOCOMMIT = 0;
START TRANSACTION;
SET time_zone = "+00:00";


/*!40101 SET @OLD_CHARACTER_SET_CLIENT=@@CHARACTER_SET_CLIENT */;
/*!40101 SET @OLD_CHARACTER_SET_RESULTS=@@CHARACTER_SET_RESULTS */;
/*!40101 SET @OLD_COLLATION_CONNECTION=@@COLLATION_CONNECTION */;
/*!40101 SET NAMES utf8mb4 */;

--
-- Database: `fosdb`
--

-- --------------------------------------------------------

--
-- Table structure for table `tbladmin`
--

CREATE TABLE `tbladmin` (
  `ID` int(11) NOT NULL,
  `AdminName` varchar(45) DEFAULT NULL,
  `UserName` varchar(45) DEFAULT NULL,
  `MobileNumber` bigint(11) DEFAULT NULL,
  `Email` varchar(120) DEFAULT NULL,
  `Password` varchar(120) DEFAULT NULL,
  `AdminRegdate` timestamp NULL DEFAULT current_timestamp()
) ENGINE=InnoDB DEFAULT CHARSET=latin1;

--
-- Dumping data for table `tbladmin`
--

INSERT INTO `tbladmin` (`ID`, `AdminName`, `UserName`, `MobileNumber`, `Email`, `Password`, `AdminRegdate`) VALUES
(1, 'Admin', 'admin', 7894561238, 'test@gmail.com', 'f925916e2754e5e03f75dd58a5733251', '2021-04-04 18:30:00');

-- --------------------------------------------------------

--
-- Table structure for table `tblcategory`
--

CREATE TABLE `tblcategory` (
  `ID` int(5) NOT NULL,
  `CategoryName` varchar(120) DEFAULT NULL,
  `CreationDate` timestamp NULL DEFAULT current_timestamp()
) ENGINE=InnoDB DEFAULT CHARSET=latin1;

--
-- Dumping data for table `tblcategory`
--

INSERT INTO `tblcategory` (`ID`, `CategoryName`, `CreationDate`) VALUES
(3, 'Itallian', '2021-04-04 18:30:00'),
(4, 'Thai', '2021-04-04 18:30:00'),
(5, 'South Indian', '2021-04-04 18:30:00'),
(6, 'North Indian', '2021-04-04 18:30:00'),
(7, 'Desserts', '2021-04-04 18:30:00'),
(8, 'Starters', '2021-04-04 18:30:00'),
(9, 'Chinease', '2021-04-23 18:30:00'),
(10, 'Test Food ', '2021-05-05 18:30:00');

-- --------------------------------------------------------

--
-- Table structure for table `tblfood`
--

CREATE TABLE `tblfood` (
  `ID` int(10) NOT NULL,
  `CategoryName` varchar(120) DEFAULT NULL,
  `ItemName` varchar(120) DEFAULT NULL,
  `ItemPrice` varchar(120) DEFAULT NULL,
  `ItemDes` varchar(500) DEFAULT NULL,
  `Image` varchar(120) DEFAULT NULL,
  `ItemQty` varchar(120) DEFAULT NULL
) ENGINE=InnoDB DEFAULT CHARSET=latin1;

--
-- Dumping data for table `tblfood`
--

INSERT INTO `tblfood` (`ID`, `CategoryName`, `ItemName`, `ItemPrice`, `ItemDes`, `Image`, `ItemQty`) VALUES
(1, 'Italian', 'Corn Pizza', '190', 'Sprinkle with salt and pepper; let stand 20 minutes. Place pizza crust on a parchment paper-lined baking sheet', 'f97fcb777fbc60235e7cfdf991cb0cfa.jpg', 'Medium'),
(2, 'Italian', 'Corn Pizza', '120', 'Sprinkle with salt and pepper; let stand 20 minutes. Place pizza crust on a parchment paper-lined baking sheet;', 'f97fcb777fbc60235e7cfdf991cb0cfa.jpg', 'Regular'),
(3, 'Italian', 'Corn Pizza', '220', 'Sprinkle with salt and pepper; let stand 20 minutes. Place pizza crust on a parchment paper-lined baking sheet', 'f97fcb777fbc60235e7cfdf991cb0cfa.jpg', 'Large'),
(4, 'Italian', 'Veg Extravaganza Pizza', '450', 'Veg ExtravaganzaA pizza that decidedly staggers', '73323ff74a39e6157cf73ad52cf15c66.jpg', 'Medium'),
(5, 'Italian', 'Veg Extravaganza Pizza', '440', 'Veg ExtravaganzaA pizza that decidedly staggers under an overload of golden corn, exotic black olives, crunchy onions', '9ed5c4756f56317810d7e364ca7f1634.jpg', 'Large'),
(6, 'North Indian', 'Chana Masala', '120', 'To make this chana masala we start with a trio of ingredients found in most Indian curries–onion, garlic, and ginger. ', '0ee2405d162c60e415bfba56a24aca8c.jpg', 'Full'),
(7, 'North Indian', 'Rajma Masala', '125', 'Rajma Masala is a much loved spicy curry in most Indian Households.                               	', '63d50ef58f33ec97cf928c05deb8ccd3.jpg', 'Full'),
(8, 'South Indian', 'Dosa', '85', 'Dosa  are served hot along with sambar, a stuffing of potatoes, and chutney.                             	', 'd984b4a23552203107391bc98dd0e4dc.jpg', 'Regular'),
(9, 'South Indian', 'Idli', '75', 'Idli are a type of savoury rice cake, originating from the Indian subcontinent and served coconut chutney.                                         	', '0cbe727a2529cc6cd8dcbd40ee53fe2c.jpg', '2 pcs'),
(10, 'South Indian', 'Vada', '60', 'Medu vada served with hot shambhar and coconut chutney ', '66d5785b3c99179f5a5bb7d7d94636dd.jpg', '2 pcs'),
(11, 'North Indian', 'Chole Bhature', '120', 'Chole Bhuture is a combination of chana masala (spicy white chickpeas) and bhatura,                                                	', 'da41d10bb09c6cfac8168435164ff0b3.jpg', '2 pcs'),
(12, 'North Indian', 'Aloo paratha', '85', ' Aloo paratha is served with butter, chutney, or Indian pickles in different parts of northern and western India.                                                 	', '8cc336b118e1feb503f9a54f3bdcdf1b.jpg', '2 pieces'),
(13, 'North Indian', 'Mix Pratha', '85', 'veg paratha soft, healthy and delicious whole wheat parathas made with mix vegetables. ... this no onion no garlic veg paratha recipe is pretty flexible.                                               	', '4b4f0a570c7f36f0db9e4f8e7fa60442.jpg', '2 pieces'),
(14, 'North Indian', 'Paneer Paratha.', '95', 'paneer paratha. paneer paratha is an indian flat bread made with cottage cheese stuffing. paneer paratha are popular breakfast recipe in punjabi homes.                                                 	', 'a19b8b7095ad0c23ddd95a28c3f85268.jpg', '2 pieces'),
(15, 'Chinease', 'Hakka Noodle', '120', 'Hakka Noodle is one our famous food which is made up by our homemade masale.                                               	', 'f8f34e70f13c6d9e982640e3b39f317b.jpg', 'full'),
(16, 'Chinese', 'Veg Chowmin', '120', 'Veg Chowmien full Plate                                                 	', '927f5a1c2bcfff25ff8a936fa98d5f2f.jpg', 'Full');

-- --------------------------------------------------------

--
-- Table structure for table `tblfoodtracking`
--

CREATE TABLE `tblfoodtracking` (
  `ID` int(10) NOT NULL,
  `OrderId` char(50) DEFAULT NULL,
  `remark` varchar(200) DEFAULT NULL,
  `status` char(50) DEFAULT NULL,
  `StatusDate` timestamp NULL DEFAULT current_timestamp(),
  `OrderCanclledByUser` int(1) DEFAULT NULL
) ENGINE=InnoDB DEFAULT CHARSET=latin1;

--
-- Dumping data for table `tblfoodtracking`
--

INSERT INTO `tblfoodtracking` (`ID`, `OrderId`, `remark`, `status`, `StatusDate`, `OrderCanclledByUser`) VALUES
(1, '111500378', 'Order Confrimed', 'Order Confirmed', '2021-06-05 12:31:01', NULL),
(2, '111500378', 'Food is preparing', 'Food being Prepared', '2021-06-05 12:31:38', NULL),
(3, '111500378', 'Food delivered sucessfully', 'Food Delivered', '2021-06-05 12:32:37', NULL);

-- --------------------------------------------------------

--
-- Table structure for table `tblorderaddresses`
--

CREATE TABLE `tblorderaddresses` (
  `ID` int(11) NOT NULL,
  `UserId` char(100) DEFAULT NULL,
  `Ordernumber` char(100) DEFAULT NULL,
  `Flatnobuldngno` varchar(255) DEFAULT NULL,
  `StreetName` varchar(255) DEFAULT NULL,
  `Area` varchar(255) DEFAULT NULL,
  `Landmark` varchar(255) DEFAULT NULL,
  `City` varchar(255) DEFAULT NULL,
  `OrderTime` timestamp NOT NULL DEFAULT current_timestamp(),
  `OrderFinalStatus` varchar(255) DEFAULT NULL
) ENGINE=InnoDB DEFAULT CHARSET=latin1;

--
-- Dumping data for table `tblorderaddresses`
--

INSERT INTO `tblorderaddresses` (`ID`, `UserId`, `Ordernumber`, `Flatnobuldngno`, `StreetName`, `Area`, `Landmark`, `City`, `OrderTime`, `OrderFinalStatus`) VALUES
(1, '1', '409347008', 'H5534 ', 'XYZ Streer', 'ABC Area', 'test Landmark', 'New Delhi', '2021-06-04 16:34:14', NULL),
(2, '3', '111500378', 'H 52312', 'XYZ Street', 'New Delhi', 'ABC Landmark', 'New Delhi', '2021-06-05 12:29:51', 'Food Delivered');

-- --------------------------------------------------------

--
-- Table structure for table `tblorders`
--

CREATE TABLE `tblorders` (
  `ID` int(11) NOT NULL,
  `UserId` char(10) DEFAULT NULL,
  `FoodId` char(10) DEFAULT NULL,
  `FoodQty` int(11) DEFAULT NULL,
  `IsOrderPlaced` int(11) DEFAULT NULL,
  `OrderNumber` char(100) DEFAULT NULL
) ENGINE=InnoDB DEFAULT CHARSET=latin1;

--
-- Dumping data for table `tblorders`
--

INSERT INTO `tblorders` (`ID`, `UserId`, `FoodId`, `FoodQty`, `IsOrderPlaced`, `OrderNumber`) VALUES
(1, '1', '8', 1, 1, '409347008'),
(2, '1', '7', 1, 1, '409347008'),
(3, '3', '1', 1, 1, '111500378'),
(4, '3', '5', 2, 1, '111500378');

-- --------------------------------------------------------

--
-- Table structure for table `tbluser`
--

CREATE TABLE `tbluser` (
  `ID` int(10) NOT NULL,
  `FirstName` varchar(45) DEFAULT NULL,
  `LastName` varchar(50) DEFAULT NULL,
  `Email` varchar(120) DEFAULT NULL,
  `MobileNumber` bigint(11) DEFAULT NULL,
  `Password` varchar(120) DEFAULT NULL,
  `RegDate` timestamp NOT NULL DEFAULT current_timestamp()
) ENGINE=InnoDB DEFAULT CHARSET=latin1;

--
-- Dumping data for table `tbluser`
--

INSERT INTO `tbluser` (`ID`, `FirstName`, `LastName`, `Email`, `MobileNumber`, `Password`, `RegDate`) VALUES
(1, 'Anuj', 'Kumar', 'test@gmail.com', 1234567890, 'f925916e2754e5e03f75dd58a5733251', '2021-06-04 04:31:04'),
(3, 'Test', 'User', 'testuser@gmail.com', 1236547890, 'f925916e2754e5e03f75dd58a5733251', '2021-06-05 12:28:41');

--
-- Indexes for dumped tables
--

--
-- Indexes for table `tbladmin`
--
ALTER TABLE `tbladmin`
  ADD PRIMARY KEY (`ID`);

--
-- Indexes for table `tblcategory`
--
ALTER TABLE `tblcategory`
  ADD PRIMARY KEY (`ID`),
  ADD KEY `CategoryName` (`CategoryName`);

--
-- Indexes for table `tblfood`
--
ALTER TABLE `tblfood`
  ADD PRIMARY KEY (`ID`);

--
-- Indexes for table `tblfoodtracking`
--
ALTER TABLE `tblfoodtracking`
  ADD PRIMARY KEY (`ID`);

--
-- Indexes for table `tblorderaddresses`
--
ALTER TABLE `tblorderaddresses`
  ADD PRIMARY KEY (`ID`),
  ADD KEY `UserId` (`UserId`,`Ordernumber`);

--
-- Indexes for table `tblorders`
--
ALTER TABLE `tblorders`
  ADD PRIMARY KEY (`ID`),
  ADD KEY `UserId` (`UserId`,`FoodId`,`OrderNumber`);

--
-- Indexes for table `tbluser`
--
ALTER TABLE `tbluser`
  ADD PRIMARY KEY (`ID`);

--
-- AUTO_INCREMENT for dumped tables
--

--
-- AUTO_INCREMENT for table `tbladmin`
--
ALTER TABLE `tbladmin`
  MODIFY `ID` int(11) NOT NULL AUTO_INCREMENT, AUTO_INCREMENT=2;

--
-- AUTO_INCREMENT for table `tblcategory`
--
ALTER TABLE `tblcategory`
  MODIFY `ID` int(5) NOT NULL AUTO_INCREMENT, AUTO_INCREMENT=12;

--
-- AUTO_INCREMENT for table `tblfood`
--
ALTER TABLE `tblfood`
  MODIFY `ID` int(10) NOT NULL AUTO_INCREMENT, AUTO_INCREMENT=17;

--
-- AUTO_INCREMENT for table `tblfoodtracking`
--
ALTER TABLE `tblfoodtracking`
  MODIFY `ID` int(10) NOT NULL AUTO_INCREMENT, AUTO_INCREMENT=4;

--
-- AUTO_INCREMENT for table `tblorderaddresses`
--
ALTER TABLE `tblorderaddresses`
  MODIFY `ID` int(11) NOT NULL AUTO_INCREMENT, AUTO_INCREMENT=3;

--
-- AUTO_INCREMENT for table `tblorders`
--
ALTER TABLE `tblorders`
  MODIFY `ID` int(11) NOT NULL AUTO_INCREMENT, AUTO_INCREMENT=5;

--
-- AUTO_INCREMENT for table `tbluser`
--
ALTER TABLE `tbluser`
  MODIFY `ID` int(10) NOT NULL AUTO_INCREMENT, AUTO_INCREMENT=4;
COMMIT;

/*!40101 SET CHARACTER_SET_CLIENT=@OLD_CHARACTER_SET_CLIENT */;
/*!40101 SET CHARACTER_SET_RESULTS=@OLD_CHARACTER_SET_RESULTS */;
/*!40101 SET COLLATION_CONNECTION=@OLD_COLLATION_CONNECTION */;
